{"-6988732216343360403_-2890670632682917168": 0.1714285714285714, "-2890670632682917168_-2890670632682917168": 0.6, "-2890670632682917168_8938903229338952440": 0.0, "-2890670632682917168_-3970995787168555077": 0.1714285714285714, "8938903229338952440_-3970995787168555077": 0.0, "-2890670632682917168_3613627186823820729": 0.0, "8938903229338952440_-1549392716114641323": 0.0, "-1549392716114641323_-2890670632682917168": 0.0, "8938903229338952440_3613627186823820729": 0.0, "-1549392716114641323_-1549392716114641323": 0.6, "8938903229338952440_-6988732216343360403": 0.0, "-6988732216343360403_-1549392716114641323": 0.0, "-1549392716114641323_3613627186823820729": 0.0, "3613627186823820729_3613627186823820729": 0.6, "8938903229338952440_8938903229338952440": 0.6, "8938903229338952440_-5037247365812390505": 0.0, "-5037247365812390505_-1549392716114641323": 0.0, "-5037247365812390505_-5037247365812390505": 0.8999999999999999, "8938903229338952440_-5512901271626770194": 0.0, "-2890670632682917168_-5512901271626770194": 0.1714285714285714, "-3883896563004095007_3613627186823820729": 0.0, "-3883896563004095007_-2890670632682917168": 0.1714285714285714, "3613627186823820729_-3970995787168555077": 0.0, "-3970995787168555077_-1549392716114641323": 0.0, "-6988732216343360403_3613627186823820729": 0.0, "-5037247365812390505_-2890670632682917168": 0.1714285714285714, "-5037247365812390505_8484625752624679054": 0.7, "-2890670632682917168_8484625752624679054": 0.1714285714285714, "-5512901271626770194_-1549392716114641323": 0.0, "-6988732216343360403_-5037247365812390505": 0.7, "-5512901271626770194_3613627186823820729": 0.0, "8938903229338952440_8484625752624679054": 0.0, "8484625752624679054_-1549392716114641323": 0.0, "8938903229338952440_9058254533732469614": 0.0, "3613627186823820729_8484625752624679054": 0.0, "3613627186823820729_-5037247365812390505": 0.0, "3613627186823820729_9058254533732469614": 0.0, "8484625752624679054_8484625752624679054": 0.8999999999999999, "9058254533732469614_-2890670632682917168": 0.1714285714285714, "9058254533732469614_-1549392716114641323": 0.0, "-3883896563004095007_8938903229338952440": 0.0, "-6988732216343360403_-3883896563004095007": 0.7, "-1549392716114641323_-3883896563004095007": 0.0, "-6988732216343360403_8484625752624679054": 0.7, "-5512901271626770194_-5512901271626770194": 0.8999999999999999}